run_accession,clone,period,year,country,amrnet_st,amrnet_carbapenemases,amrnet_resistance_score,amrnet_virulence_score
ERR349822,ST11,2012 or earlier,2012,Nepal,ST11,NDM-1,2,1
ERR8651838,ST11,2012 or earlier,2012,Germany,ST11,-,0,1
ERR10030746,ST11,2012 or earlier,2004,Portugal,ST11,-,0,1
ERR264538,ST11,2012 or earlier,2012,Spain,ST11,OXA-245,2,1
SRR2064877,ST11,2012 or earlier,2012,China,ST11,KPC-2,2,1
SRR10992062,ST11,2012 or earlier,2012,United Kingdom,ST11,KPC-2,2,0
ERR8650909,ST11,2012 or earlier,2009,Canada,ST11,-,1,1
SRR11362723,ST11,2012 or earlier,2006,Brazil,ST11,KPC-2,2,0
SRR2724081,ST11,2012 or earlier,2010,Norway,ST11,NDM-1,2,1
SRR1561285,ST11,2012 or earlier,2008,Thailand,ST11,-,1,0
SRR9217775,ST11,2012 or earlier,2011,Singapore,ST11,KPC-2,2,1
SRR1561273,ST11,2012 or earlier,2008,Malaysia,ST11,-,1,1
SRR22681383,ST11,2012 or earlier,2012,France,ST11,KPC-2,2,0
SRR17302728,ST11,2013-2017,2015,United Kingdom,ST11,KPC-2,2,0
SRR18827908,ST11,2013-2017,2017,China,ST11,KPC-2,3,4
SRR10295010,ST11,2013-2017,2015,Oman,ST11,NDM-1,2,1
SRR13356558,ST11,2013-2017,2017,France,ST11,-,0,1
ERR4795550,ST11,2013-2017,2016,Colombia,ST11,KPC-2,2,1
DRR150637,ST11,2013-2017,2017,Thailand,ST11,OXA-181,2,1
SRR15584417,ST11,2013-2017,2013,Spain,ST11,OXA-48,2,1
SRR20083807,ST11,2013-2017,2017,Uruguay,ST11,KPC-2,3,1
ERR1204871,ST11,2013-2017,2014,Poland,ST11,-,1,1
SRR12508683,ST11,2013-2017,2016,USA,ST11,-,1,1
SRR13077343,ST11,2013-2017,2016,Singapore,ST11,-,1,1
ERR4635712,ST11,2013-2017,2017,India,ST11,NDM-1;OXA-181,2,1
ERR10669694,ST11,2013-2017,2013,Greece,ST11,NDM-1,2,1
SRR19743684,ST11,2018 or later,2020,Bangladesh,ST11,NDM-5,2,0
SRR19309818,ST11,2018 or later,2020,China,ST11,KPC-2,2,1
SRR17644154,ST11,2018 or later,2019,Guadeloupe,ST11,-,1,1
SRR20423120,ST11,2018 or later,2022,USA,ST11,KPC-2,2,1
SRR14565978,ST11,2018 or later,2019,Oman,ST11,KPC-2,2,4
SRR15097912,ST11,2018 or later,2018,Australia,ST11,NDM-5,2,1
ERR3518861,ST11,2018 or later,2018,Brazil,ST11,KPC-2,3,2
ERR8604299,ST11,2018 or later,2019,Spain,ST11,OXA-48,3,1
ERR10431920,ST11,2018 or later,2020,Paraguay,ST11,NDM-5,2,1
ERR10669805,ST11,2018 or later,2018,Greece,ST11,NDM-1,2,1
DRR390405,ST11,2018 or later,2020,Japan,ST11,-,1,2
ERR10031130,ST11,2018 or later,2018,Portugal,ST11,KPC-3,2,0
SRR15047235,ST11,2018 or later,2020,Switzerland,ST11,NDM-5;OXA-48,2,0
ERR1761555,ST147,2012 or earlier,2010,Germany,ST147,OXA-48,2,1
DRR065657,ST147,2012 or earlier,2008,Nigeria,ST147,VIM-26,3,0
ERR10030794,ST147,2012 or earlier,2007,Portugal,ST147,KPC-3;GES-5^,2,0
ERR319501,ST147,2012 or earlier,2007,Kenya,ST147,-,1,0
ERR10669601,ST147,2012 or earlier,2003,Greece,ST147,VIM-1,2,0
ERR486360,ST147,2012 or earlier,2004,United Kingdom,ST147,-,1,0
SRR11622612,ST147,2012 or earlier,2011,Singapore,ST147,NDM-1,2,1
SRR3928960,ST147,2012 or earlier,2012,USA,ST147,NDM-1,3,1
SRR10482467,ST147,2012 or earlier,2010,Canada,ST147,-,1,0
SRR6478764,ST147,2012 or earlier,2011,Australia,ST147,-,0,1
SRR19750758,ST147,2012 or earlier,2007,Bangladesh,ST147,-,1,3
DRR065658,ST147,2012 or earlier,2009,Colombia,ST147,VIM-1,2,0
ERR349777,ST147,2012 or earlier,2012,Nepal,ST147,-,1,0
ERR10922044,ST147,2013-2017,2016,Iran,ST147,NDM-1;OXA-48,2,0
SRR17302204,ST147,2013-2017,2016,United Kingdom,ST147,NDM-1,2,1
ERR1852967,ST147,2013-2017,2013,Philippines,ST147,-,1,1
SRR10376999,ST147,2013-2017,2015,USA,ST147,-,1,0
ERR3063478,ST147,2013-2017,2016,Spain,ST147,NDM-1,2,1
ERR5752171,ST147,2013-2017,2016,Pakistan,ST147,NDM-1,2,0
SRR17255212,ST147,2013-2017,2017,Germany,ST147,OXA-48,2,1
SRR10294975,ST147,2013-2017,2015,Oman,ST147,NDM-1,2,1
SRR13708381,ST147,2013-2017,2016,Sweden,ST147,OXA-48,2,3
ERR4920372,ST147,2013-2017,2016,Bangladesh,ST147,NDM-1,2,0
SRR4302241,ST147,2013-2017,2015,Singapore,ST147,NDM-1,2,1
ERR11592240,ST147,2013-2017,2017,Greece,ST147,KPC-2,2,0
ERR4784115,ST147,2013-2017,2015,India,ST147,OXA-181,2,1
ERR10738248,ST147,2018 or later,2019,Ghana,ST147,-,0,0
SRR18212480,ST147,2018 or later,2021,USA,ST147,OXA-48,2,1
ERR3891064,ST147,2018 or later,2018,Saudi Arabia,ST147,OXA-48,2,0
ERR11592309,ST147,2018 or later,2018,Greece,ST147,KPC-2,2,1
SRR14348034,ST147,2018 or later,2019,Italy,ST147,NDM-1,2,4
ERR10031077,ST147,2018 or later,2018,Portugal,ST147,KPC-3,2,1
SRR12898935,ST147,2018 or later,2019,Qatar,ST147,NDM-5;OXA-232,2,0
ERR8604284,ST147,2018 or later,2019,Spain,ST147,OXA-48,2,1
SRR19952161,ST147,2018 or later,2021,Bangladesh,ST147,NDM-5,2,1
ERR10321617,ST147,2018 or later,2018,Norway,ST147,NDM-1,2,1
DRR238842,ST147,2018 or later,2018,Myanmar,ST147,NDM-1,2,1
SRR8581241,ST147,2018 or later,2018,Russia,ST147,NDM-1,2,3
SRR12681416,ST147,2018 or later,2018,India,ST147,NDM-1,2,1
SRR4198874,ST258/512,2012 or earlier,2011,Israel,ST512,KPC-3,2,0
ERR1911117,ST258/512,2012 or earlier,2010,Germany,ST258,KPC-2,2,0
SRR849679,ST258/512,2012 or earlier,2008,USA,ST258,KPC-2,2,0
SRR10991973,ST258/512,2012 or earlier,2009,United Kingdom,ST258,KPC-3,2,0
ERR10669685,ST258/512,2012 or earlier,2012,Greece,ST258,KPC-2,3,1
SRR2724083,ST258/512,2012 or earlier,2010,Norway,ST258,KPC-2,3,0
SRR1561260,ST258/512,2012 or earlier,2010,Italy,ST258,KPC-3,2,0
SRR5931391,ST258/512,2012 or earlier,2012,Australia,ST258,KPC-2,2,1
SRR1166973,ST258/512,2012 or earlier,2009,Canada,ST258,KPC-2,2,1
SRR10028261,ST258/512,2012 or earlier,2012,Switzerland,ST512,KPC-3,3,0
SRR1561200,ST258/512,2012 or earlier,2007,Brazil,ST258,KPC-2,2,0
SRR1167022,ST258/512,2012 or earlier,2012,Colombia,ST512,KPC-3,2,0
SRR1561218,ST258/512,2012 or earlier,2009,Denmark,ST258,KPC-2,2,0
SRR10116671,ST258/512,2013-2017,2015,USA,ST258,KPC-3,2,0
ERR3164633,ST258/512,2013-2017,2016,Italy,ST512,KPC-3,2,0
SRR5931410,ST258/512,2013-2017,2016,Australia,ST258,KPC-2,2,1
ERR1415535,ST258/512,2013-2017,2014,United Kingdom (England/Wales/N. Ireland),ST258,KPC-2,2,1
ERR10669771,ST258/512,2013-2017,2017,Greece,ST258,KPC-2,3,1
ERR1761472,ST258/512,2013-2017,2013,Germany,ST258,KPC-2,3,0
ERR1815070,ST258/512,2013-2017,2016,Ireland,ST258,KPC-3,2,0
ERR1878492,ST258/512,2013-2017,2015,United Kingdom,ST258,KPC-2,3,1
ERR7813769,ST258/512,2013-2017,2016,France,ST512,KPC-3,2,0
SRR4198688,ST258/512,2013-2017,2013,Israel,ST512,KPC-3,2,0
ERR4795464,ST258/512,2013-2017,2014,Colombia,ST258,KPC-3,2,2
SRR10028330,ST258/512,2013-2017,2013,Switzerland,ST258,KPC-2,2,1
SRR10065224,ST258/512,2013-2017,2014,Spain,ST512,KPC-3,3,0
SRR18747000,ST258/512,2018 or later,2022,USA,ST258,-,0,2
ERR5319958,ST258/512,2018 or later,2018,Spain,ST512,KPC-3,3,0
ERR11807137,ST258/512,2018 or later,2020,Germany,ST258,KPC-2,3,1
ERR11592481,ST258/512,2018 or later,2018,Italy,ST512,KPC-3,2,0
ERR10437245,ST258/512,2018 or later,2020,Ecuador,ST258,KPC-2,2,1
ERR11592371,ST258/512,2018 or later,2018,Greece,ST258,KPC-2,3,1
ERR10321756,ST258/512,2018 or later,2020,Norway,ST258,KPC-2,2,0
ERR11592614,ST258/512,2018 or later,2018,Serbia,ST258,KPC-2,3,1
SRR21884239,ST258/512,2018 or later,2018,Australia,ST258,KPC-2,2,1
SRR14449840,ST258/512,2018 or later,2018,Colombia,ST258,KPC-3,2,2
SRR20994742,ST258/512,2018 or later,2019,Canada,ST258,KPC-2,2,1
SRR14449895,ST258/512,2018 or later,2018,Argentina,ST258,KPC-2,2,0
ERR11592504,ST258/512,2018 or later,2018,Romania,ST258,KPC-2,2,1
SRR5386269,ST307,2012 or earlier,2012,USA,ST307,-,1,0
SRR10991991,ST307,2012 or earlier,2011,United Kingdom,ST307,KPC-2,2,0
ERR2586406,ST307,2012 or earlier,2011,Vietnam,ST307,-,1,0
SRR8174990,ST307,2012 or earlier,2011,Tanzania,ST307,-,1,0
ERR10030803,ST307,2012 or earlier,2008,Portugal,ST307,-,1,0
ERR349773,ST307,2012 or earlier,2012,Nepal,ST307,-,1,0
ERR2631549,ST307,2012 or earlier,2012,Norway,ST307,-,1,1
ERR971984,ST307,2012 or earlier,2012,Malawi,ST307,-,1,0
ERR9301392,ST307,2012 or earlier,1999,Spain,ST307,-,1,0
SRR6505415,ST307,2012 or earlier,2012,Singapore,ST307,-,1,0
SRR19743757,ST307,2012 or earlier,2010,Bangladesh,ST307,-,1,0
SRR12921209,ST307,2012 or earlier,2012,Algeria,ST307,-,1,0
SRR6653995,ST307,2012 or earlier,2009,Iran,ST307,-,1,0
SRR17301984,ST307,2013-2017,2015,United Kingdom,ST307,OXA-181,2,0
ERR6350857,ST307,2013-2017,2016,Zambia,ST307,-,1,0
SRR6710664,ST307,2013-2017,2015,USA,ST307,KPC-2,2,0
ERR4795575,ST307,2013-2017,2017,Colombia,ST307,NDM-1,2,0
SRR25473675,ST307,2013-2017,2013,Singapore,ST307,NDM-1,2,0
ERR6384943,ST307,2013-2017,2017,South Africa,ST307,-,1,1
ERR11578188,ST307,2013-2017,2017,Norway,ST307,-,1,0
ERR3164689,ST307,2013-2017,2016,Italy,ST307,KPC-3,2,1
SRR9309434,ST307,2013-2017,2015,Dominican Republic,ST307,KPC-2,2,0
ERR1852963,ST307,2013-2017,2013,Philippines,ST307,-,0,0
ERR2397437,ST307,2013-2017,2016,Thailand,ST307,-,1,0
ERR1334540,ST307,2013-2017,2013,Spain,ST307,-,1,0
ERR7672091,ST307,2013-2017,2017,Switzerland,ST307,-,1,0
ERR4422715,ST307,2018 or later,2019,Germany,ST307,NDM-1;OXA-48,2,4
ERR5319592,ST307,2018 or later,2018,Spain,ST307,OXA-48,2,0
SRR18175633,ST307,2018 or later,2019,USA,ST307,-,1,0
SRR13802929,ST307,2018 or later,2018,Australia,ST307,-,1,0
DRR290119,ST307,2018 or later,2020,Japan,ST307,-,1,1
SRR19952163,ST307,2018 or later,2021,Bangladesh,ST307,NDM-5;OXA-232,2,1
SRR24332888,ST307,2018 or later,2022,Cambodia,ST307,NDM-1,2,1
SRR11267907,ST307,2018 or later,2018,Qatar,ST307,-,1,0
SRR21901344,ST307,2018 or later,2019,South Africa,ST307,OXA-181,2,0
ERR11592410,ST307,2018 or later,2018,Italy,ST307,KPC-3,2,1
ERR10441709,ST307,2018 or later,2020,Czech Republic,ST307,-,1,0
ERR10031133,ST307,2018 or later,2018,Portugal,ST307,-,1,0
ERR10226939,ST307,2018 or later,2019,Switzerland,ST307,-,0,0
